accession_num,aa_cnt,species,DB,GID,Sequence,api_returned_aa_count
NP_001116538,776,human,protein,294862258,">NP_001116538.2 microtubule-associated protein tau isoform 6 [Homo sapiens]
MAEPRQEFEVMEDHAGTYGLGDRKDQGGYTMHQDQEGDTDAGLKESPLQTPTEDGSEEPGSETSDAKSTP
TAEDVTAPLVDEGAPGKQAAAQPHTEIPEGTTAEEAGIGDTPSLEDEAAGHVTQEPESGKVVQEGFLREP
GPPGLSHQLMSGMPGAPLLPEGPREATRQPSGTGPEDTEGGRHAPELLKHQLLGDLHQEGPPLKGAGGKE
RPGSKEEVDEDRDVDESSPQDSPPSKASPAQDGRPPQTAAREATSIPGFPAEGAIPLPVDFLSKVSTEIP
ASEPDGPSVGRAKGQDAPLEFTFHVEITPNVQKEQAHSEEHLGRAAFPGAPGEGPEARGPSLGEDTKEAD
LPEPSEKQPAAAPRGKPVSRVPQLKARMVSKSKDGTGSDDKKAKTSTRSSAKTLKNRPCLSPKHPTPGSS
DPLIQPSSPAVCPEPPSSPKYVSSVTSRTGSSGAKEMKLKGADGKTKIATPRGAAPPGQKGQANATRIPA
KTPPAPKTPPSSATKQVQRRPPPAGPRSERGEPPKSGDRSGYSSPGSPGTPGSRSRTPSLPTPPTREPKK
VAVVRTPPKSPSSAKSRLQTAPVPMPDLKNVKSKIGSTENLKHQPGGGKVQIINKKLDLSNVQSKCGSKD
NIKHVPGGGSVQIVYKPVDLSKVTSKCGSLGNIHHKPGGGQVEVKSEKLDFKDRVQSKIGSLDNITHVPG
GGNKKIETHKLTFRENAKAKTDHGAEIVYKSPVVSGDTSPRHLSNVSSTGSIDMVDSPQLATLADEVSAS
LAKQGL

",776
Q5YCV9,776,common gibbon,protein,59798492,">sp|Q5YCV9.4|TAU_HYLLA RecName: Full=Microtubule-associated protein tau
MAEPRQEFDVMEDHAGTYGLGDRKDQGGYTMLQDQEGDTDAGLKESPLQTPAEDGSEEPGSETSDAKSTP
TAEDVTAPLVDEGAPXKQAAAQPHTEIPEGTTAEEAGIGDTPSLEDEAAGHVTQEPESGKVVREGFLGEP
GPRSXSHQLASGMPGAPLLPEGPREATRQPSGTGPEDTEGGRHAPELLKHQLLGDLHQEGPPLKRAGGKE
RPGIKEEVDEDRDVDESSPQDSPPSKVSPAHDGRPPQTAAREATSIPGFPAEGAIPLPVDFLSKVSTEIP
ASEPDGPSAGRAEGQDAPPEFTFHVEITPNVQKEQAHSEEHLGRAAFPGAPGEGPEAQGPSLGEDTKEAD
LPEPSEKQPAAAPRGKPISRVPQLKARMVSKSKDGTGSDDKKAKTSTRSSAKTLKNRPCLSPKHPTPGSS
DPLIQPSSPAVCPEPPSSPKYVSSVTXRTGSSGAKEMKLKGADGKTKIATPRGAAPPGQKGQANATRIPA
KTPPAPKTPPSSVTKQVQRRPPPAGPKSERGEPPKSGDRSGYSSPGSPGTPGSRSRTPSLPTPPTREPKK
VAVVRTPPKSPSSAKSRLQTAPVPMPDLKNVKSKIGSTENLKHQPGGGKVQIINKKLDLSNVQSKCGSKD
NIKHVPGGGSVQIVYKPVDLSKVTSKCGSLGNIHHKPGGGQVEVKSEKLDFKDRVQSKIGSLDNITHVPG
GGNKKIETHKLTFRENAKAKTDHGAEIVYKSPVVSGDTSPRHLSNVSSTGSIDMVDSPQLATLADEVSAS
LAKQGL

",776
XP_012352933,732,white-cheeked gibbon,protein,821025767,">XP_012352933.1 PREDICTED: microtubule-associated protein tau [Nomascus leucogenys]
MAEPRQEYDVMEDHAGTYGLGDRKDQGGYTMLQDQEGDTDAGLKESPLQTPAEDGSEEPGSETSDAKSTP
TAEDVTAPLVDERAPGEQAAAQPHTEIPEGTTAEEAGIGDTPSLEDEAAGHVTQEPESGKVVREGFLGEP
GPPGLSHQLVSGMPGAPLLPEGPREATRQPSGTGPEDTEGRRHAPELLKHQLLGDLHQEGPPLKGAGGKE
RPRSKGEVDEDRDVDESSPQDSPPSKFSPAHDGRPPQTAAREATSIPGFPAEGAIPLPVDFLSKVSTEIP
ASEPDGPSAGRAEGQDAPPEFTFHVEITPNVQKEQAHSEEHLGRAAFPGAPGEGPEARGPSLGEDTKEAD
LPEPSEKQPAAAPRGKPVSRVPQLKARMVSKSKDGTGSDDKKAKTSTRSSAKTLKNRPCLSPKHPTPGSS
DPLIQPSSPAVCPEPPSSPKYVSSVTPRTGSSGAKEMKLKGADGKTKIATPRGAAPPGQKGQANATRIPA
KTPPAPKTPPSSATKQVQRRPPPAGPKSERRLASRYVLQQMPGAAAGALLREASGLAGELSSQTAGELST
LRHRRTPPKSPSSAKSRLQTAPVPMPDLKNVKSKIGSTENLKHQPGGGKVQIINKKLDLSNVQSKCGSKD
NIKHVPGGGSVQIVYKPVDLSKVTSKCGSLGNIHHKPGGGQVEVKSEKLDFKDRVQSKIGSLDNITHVPG
GGNKKIETHKLTFRENAKAKTDHGAEIVYKSPVVSGDTSPRHLSNVSSTGSIDMVDSPQLATLADEVSAS
LAKQGL

",776
XP_002800600,776,Chinese Rhesus monkey,protein,297273333,">XP_002800600.1 PREDICTED: microtubule-associated protein tau isoform 3 [Macaca mulatta]
MAEPRQEFDVMEDHAGTYGLGDRKDQEGYTMLQDQEGDTDAGLKESPLQTPAEDGSEELGSETSDAKSTP
TAEDVTAPLVDERAPGEQAAAQPHMEIPEGTTAEEAGIGDTPSLEDEAAGHVTQEPESGKVVQEVFLGEP
GPPGLSHQLVSSMPGAPLLPEGPREATRQPSGTGPEDTEGGQHAPELLKHQLLGDLHQEGPPLKGAGGKE
RLGSKEEVDEDRDVDESSPQDSPPSRVSPVQDGQPPQTAAREATSVPGFPAEGAIALPVDFLSRVSTEIP
ASEPEGPSAGWAEGQDMPPEFTFHVEITPNVQKEQAHPEEDSGRAAFPGAPGEEPEARGPSLGEDTKEAE
LPEPTEKQPAAAPRGKPTSRVPQLKARMVSKSKDGTGSDDKKAKTSTRSSAKTLKNRPCLSPKHPTPGSS
DPLIQPSSPAVCPEPPSSPKYVSSVTPRTGSSGAKEMKLKGADGKTKIATPRGAAPPGQKGQANATRIPA
KTPPAPKTPPSSATKQVQRKPPPAEPTSERGEPPKSGDRSGYSSPGSPGTPGSRSRTPSLPTPPAREPKK
VAVVRTPPKSPSSAKSRLQTAPVPMPDLKNVKSKIGSTENLKHQPGGGKVQIINKKLDLSNVQSKCGSKD
NIKHVPGGGSVQIVYKPVDLSKVTSKCGSLGNIHHKPGGGQVEVKSEKLDFKDRVQSKIGSLDNITHVPG
GGHKKIETHKLTFRENAKAKTDHGAEIVYKSPVVSGDTSPRHLSNVSSTGSIDMVDSPQLATLADEVSAS
LAKQGL

",776
XP_003913279,776,olive baboon,protein,1777289710,">XP_003913279.2 microtubule-associated protein tau isoform X6 [Papio anubis]
MAEPRQEFDVMEDHAGTYGLGDRKDQEGYTMLQDQEGDTDAGLKESPLQTPAEDGSEELGSETSDAKSTP
TAEDVTAPLVDERAPGEQAAAQPHMEIPEGTTAEEAGIGDTPSLEDEAAGHVTQEPESGKVVQEVFLGEP
GPPGLSHQLVSSMPGAPLLPEGPREATRQPSGTGPEDTESGHHTPELLKHQLLGDLHQEGPPLKGAGGKE
RLGSKEEVDEDRDVDESSPQDSPPSRVSPVQDGQPPQTAAREATSVPGFPAEGAIALPVDFLSKVSTEIP
ASEPEGPSAGWAEGQDVPPEFTFHVEITPNVQKEQAHPEEDSGRAAFPGAPGEEPEARGPSLGEDTKEAD
LPEPTEKQPAAAPRGKPVSRVPQLKARMVSKSKDGTGSDDKKAKTSTRSSAKTLKNRPCLSPKHPTPGSS
DPLIQPSSPAVCPEPPSSPKYVSSVTPRTGSSGAKEMKLKGADGKTKIATPRGAAPPGQKGQANATRIPA
KTPPAPKTPPSSATKQVQRKPPPAEPKSERGEPPKSGDRSGYSSPGSPGTPGSRSRTPSLPTPPAREPKK
VAVVRTPPKSPSSAKSRLQTAPVPMPDLKNVKSKIGSTENLKHQPGGGKVQIINKKLDLSNVQSKCGSKD
NIKHVPGGGSVQIVYKPVDLSKVTSKCGSLGNIHHKPGGGQVEVKSEKLDFKDRVQSKIGSLDNITHVPG
GGNKKIETHKLTFRENAKAKTDHGAEIVYKSPVVSGDTSPRHLSNVSSTGSIDMVDSPQLATLADEVSAS
LAKQGL

",776
XP_008995083,772,white-tufted-ear marmoset,protein,675658919,">XP_008995083.1 PREDICTED: microtubule-associated protein tau isoform X1 [Callithrix jacchus]
MAEPRQEFNVMEDHTGTYGLEDQDQEGDTDTGLKESPLQTPAEDGSEEPGSESSDAKSTPTVEDVTAPLV
DERAPGKQAAAQPHTEIPEGTTAEEAGIGDTPTPEDQAAGHVTQARMVSKSKDGTGGDDKKAKTSTRSSA
KTLKARPCLSPKHPTPGSSDPLIQPSSPAVCPEPPSSPKCVSSVTPRTGSSGAKEMRFKGADGKTKIATP
RGTAPPGQKGQANATRIPAKTPPAPKTPPSSGETPKSGDRSGYSSPGSPGTPGSRSRTPSLPTPPTREPK
KVAVVRTPPKSPSSTKSRLQTAPVPMPDLKNVKSKIGSTENLKHQPGGGKVQIINKKLDLSNVQSKCGSK
DNIKHVPGGGSVQIVYKPVDLSKVTSKCGSLGNIHHKPGGGQVEVKSEKLDFKDRVQSKIGSLDNITHVP
GGGNKKIETHKLTFRENAKAKTDHGAEIVYKSPVVSGDTSPRHLSNVSSTGSIDMVDSPQLATLADEVSA
SLAKQGL

",497
XP_010328565,748,Bolivian squirrel monkey,protein,1984072572,">XP_010328565.2 microtubule-associated protein tau isoform X1 [Saimiri boliviensis boliviensis]
MAEPRQEFDVMEDHAGTYGLEDQDQEGDTDTGLKESPLQTPAEDGSEELGSETSDAKSTPTAEDVTAPLV
DERAPGEQAAAQPHTEIPEGTTAEEAGIGDTPTPEDQAAGHVTQEELSVPGQQRKAPERPLVNKLSAHVQ
PGPCGEAPGVSGPCLGEKEPEAPVLLTESLPQHRPVCPAPPPTGGPQEPSQEWKPKGGNWAKEGPAFPKP
ATPAHLHTEPESGKVVQEGFLGEPGIPSLSHQLVSGMPGAPFLPESPREAPHQPSGTGPEDTKGGLHAPE
LRKRQFLGDLHPEELPLKGAGSKERPGGEKEVDEDRDVDESSPQDSPPSQVSPAQDGPPPQTFTREATSV
PGFPAEGAIPLPVDFLSTVSAETPASEPDRPSAGLAEGQDAPPEFTFHVEITANVQKEQVCSEQDLERAA
FPGAPGDEAETRGPSLGEDTKEADLPEPSKKQPAAALQGKPISRVPQLKARMVSKSKDGTGGDDKKAKTS
TRSSAKTLKNRPCLSPKHPTPGSSDPLIQPSSPAVCPEPPSSPKCVSSVTPRTGSSGAKEMKFKGADGKT
KIATPRGTAPPGQKGQANATRIPAKTPPTPKTPPGSGETPKSGDRSGYSSPGSPGTPGSRSRTPSLPTPP
TREPKKVAVVRTPPKSPSSAKSRLQTAPVPMPDLKNVKSKIGSTENLKHQPGGGKVQIINKKLDLSNVQS
KCGSKDNIKHVPGGGSVQIVYKPVDLSKVTSKCGSLGNIHHKPGGGQVEVKSEKLDFKDRVQSKIGSLDN
ITHVPGGGNKKIETHKLTFRENAKAKTDHGAEIVYKSPVVSGDTSPRHLSNVSSTGSIDMADSAQLATLA
DEVSASLAKQGL

",852
XP_005983781,758,Tibetan antelope,protein,556777384,">XP_005983781.1 PREDICTED: microtubule-associated protein tau isoform X1 [Pantholops hodgsonii]
MAEPRQEFDVMEDHAQGDYTLQDHEGDMEPGPKESPLQTPADDGSEEPGSETSDAKSTPTAEDATAPLVD
EGAPGEQAAAQAPTEIPEGTTAEEAGIGDTSNLEDQAAGHVTQEPGSSKVVQKSFLGELGHHGGEAVEPG
TSGLTRQHAYDMLGAPILLAGSREATCQSSGTEPKVAVGSRHGSEPPECQLWGGLPQEGLPLKGAQSKER
QGVKEVDEDRDIDESSPQDSPPSQISPTGGGPAPQAVSGEAPGTPGSPAGGAIPLPVDFLSKASAETRVP
EPDGPCDGPPGEGRDGSPEFTFHVEITANLQKEQGPPSEVDLEGTALPWAPGEEQEPRSPSEGEDAKKTD
LPEPSGKQPAPGLPGKPISRVPQLKARMVSKGKDGTGPDDKKAKPSTPSSAKTLKNRPCLSPKRPTPGSS
DPLIKPSSPAVCPEPSSSPKHVSSVTPRTGSSGAKEMKVKGADGKPGTKIATPRGAAPPGQKGQANATRI
PAKTTPTPKTSPGTATMQVQKKPPPAGAKSERGESGKSGDRSGYSSPGSPGTPGSRSRTPSLPTPPTREP
KKVAVVRTPPKSPSAAKSRLQAAPGPMPDLKNVKSKIGSTENLKHQPGGGKVQIINKKLDLSNVQSKCGS
KDNIKHVPGGGSVQIVYKPVDLSKVTSKCGSLGNIHHKPGGGQVEVKSEKLDFKDRVQSKIGSLDNITHV
PGGGNKKIETHKLTFRENAKAKTDHGAEIVYKSPVVSGDTSPRHLSNVSSTGSIDMVDSPQLATLADEVS
ASLAKQGL

",778
XP_013845380,784,domestic pig,protein,927194489,">XP_013845380.1 PREDICTED: microtubule-associated protein tau isoform X1 [Sus scrofa]
MAEPRQEFTVMEDHAQGDYTLLQDHEGDVDHSLKESPLQTPADDGSEEPGSETSDAKSTPTAEDVTAPLV
DEGAPGEQAAAQPPTEIPEGTTAEEAGIGDTPNLEDQAAGHVTQARMVSKGKDGTGPDDKKTKGADGKPG
SKIATPRGAAPPGQKGPANATRIPAKTTPSPKTPPGSVTKQVQKKPPPAGAITERGESGKSGDRSGYSSP
GSPGTPGSRSRTPSLPTPPTREPKKVAVVRTPPKSPSAAKSRLQTAPGPMPDLKNVRSKIGSTENLKHQP
GGGKVQIINKKLDLSNVQSKCGSKDNIKHVPGGGSVQIVYKPVDLSKVTSKCGSLGNIHHKPGGGQVEVK
SEKLDFKDRVQSKIGSLDNITHVPGGGNKKIETHKLTFRENAKAKTDHGAEIVYKSPVVSGDTSPRHLSN
VSSTGSIDMVDSPQLATLADEVSASLAKQGL

",451
XP_006199331,764,alpaca,protein,560953646,">XP_006199331.1 microtubule-associated protein tau isoform X2 [Vicugna pacos]
MAEPRQEFNVMEDQAQGDYTLLQDHEGDVDHGLKESPLQTPADDGSEEPGSETSDAKSTPTAEDVTAPLV
DEGAPSEQAAAQPPAEIPEGTTGEAAGLGHTPCLSPASPGYLQTEPGRVEVVQGSFLREPGHHGGEAMGL
GTPGLIHQHVSNMPGAPILPEGPREATHQPSGIELEDAERSRQGSELLEHQLLGDLPQEEPPLKEDQGKE
RLGGKEVDEDRDIDESSPQDSPPSQVSPGWQSPPAQGGPPPRAVSRETTGISGLPAQGAIPLPVDFLSKV
STETRVSEPEGPGEGPPAEGHDGPPEFTFHVEIKASAQKEQGRSEVDLEGAALPGAPGEEQEPRGPSEGE
DTKKTELPEPSEKQPAAGLPGKPVSRVPQLKARMVSKGKDGTGPDDKKTKTSTPSSAKTLKNRPCLSPKR
PTPGSSDPLIKPSSPAVCPEPSSSPKHVSSVTPRTGSSGAKEMKVKGADGKPGTKIATSRGAAPSGQKGP
ANATRIPAKTTPSPKTPPGSATKQVQKKPPPAGAKSEQGDSGKSGDRSGYSSPGSPGTPGSRSRTPSLPT
PPTREPKKVAVVRTPPKSPSAAKSRLQAAPGPMPDLKNVRSKIGSTENLKHQPGGGKVQIINKKLDLSNV
QSKCGSKDNIKHVPGGGSVQIVYKPVDLSKVTSKCGSLGNIHHKPGGGQVEVKSEKLDFKDRVQSKIGSL
DNITHVPGGGHKKIETHKLTFRENAKAKTDHGAEIVYKSPVVSGDTSPRHLSNVSSTGSIDLVDSPQLAT
LADEVSASLAKQGL

",784
XP_005858648,803,Brandt's bat,protein,554527651,">XP_005858648.1 PREDICTED: microtubule-associated protein tau [Myotis brandtii]
MTEPRQEFNVMDDHAGTYGLGDRKDLPSQGSYTLLQDHEGDGDHGLKEPPLRTPTGDRSETADAKSTPTA
KDVTAPLVDEGGPGKQAAAQPHTEIPEGTTAEEAGIGDTPNLEDQAAGHVTQGPQRGEAVQEGVLKEPRR
HGDAATGLRTPGLTRQHMPDVPGAPILPEGPREAADPPLGTEPEDTVGSRCGLGLLEHQPLGGLRQEGPP
LKGHQGKERLGGEEVDEDRDIDESSPQDSPPSQDSPPSQVSPPSQVSPGLQSSPTRGGPAPQTVSREATG
TPGFPAEGAIPLRVDFLPKVCTEPQAAEPEGPSAGPVEGHDGPPEFTFHVEIKANVQKEQGGSQVDVGGA
APPGAPGEDSEPLSPSEGEDTKKTDLREPPEKQPAAGLPGKPASRVPQLKARMVSKGKDGAGTDDKKTKT
STPSSAKTLNSRPCLSPKGPPPGSSDPLIKPSSPAVCPEPSSSPKHVSSVTPRTGGSGAKEMKVKGADTK
TGTKIATPRGAAPPGQKGPANATRIPAKTTPSPKTPPGTATKQVQRKPPPAGPKPERGESGKSGDRSGYS
SPGSPGTPXSRSRTPSLPTPPTREPKKVAVVRTPPKSPSSAKSRLQTAPVPMPDLKNVRSKIGSTENLKH
QPGGGKVQIINKKLDLSNVQSKCGSKDNIKHVPGGGSVQIVYKPVDLSKVTSKCGSLGNIHHKPGGGQVE
VKSEKLDFKDRVQSKIGSLDNITHVPGGGNKKIETHKLTFRENAKAKTDHGAEIVYKSPVVSGDTSPRHL
SNVSSTGSIDMVDSPQLATLADEVSASLAKQGL

",803
EFB25687,776,giant panda,protein,281350103,">EFB25687.1 hypothetical protein PANDA_017321, partial [Ailuropoda melanoleuca]
MAEPRQEFTATEDHAGTYGMEERKDLPSQGGYTLLQDHEGDMDHGLKESPLQTPADDGSEEPGSETSDAK
STPTAEDVTAPLVDEGAPGEQAAAQPHTEIPEGATAEEAGIGDTPSLEDQAAGHVTQGHHPGEAADPGTL
GLMGQHVSYTPGAPIEPDGPRETTRQPLGTEPEDTESSCHGLEPLEHQLLGDLRQEGPPLKGDQCKERRG
GKEVDEDRDVDESSPQDSPPSQVSPGLQSSPTQGGPHPPTVSRGAAGFPGFPAEGAIRLPVDFLSNVSTE
LKASEPHGPSAGPTVEGQDTPPKFTFHVEIKANVQKEQGHSELDLEGAALPGPPGEEQEPQGPSEGEDTK
KTDLPEPSEKQPAAVLPGKPVSRVPQLKARMVSKGKDGTGPEDKKAKTSTPSSAKTLKTRLCLSPKRPTP
GSSDPLIKPSSPAVCPESSSSPKHVSSVTPRTGSSAAKEMKVKGADGKTGTKIATPRGAAPPGQKGQANA
TRIPAKTTPSPKTPPATKQVQRKPPPAGVKSERGESGKSGDRSGYSSPGSPGTPGSRCSRTPSLPTPPTR
EPKKVAVVRTPPKSPSSAKSRLQTAPVPMPDLKNVRSKIGSTENLKHQPGGGKVQIINKKLDLSNVQSKC
GSKDNIKHVPGGGSVQIVYKPVDLSKVTSKCGSLGNIHHKPGGGQVEVKSEKLDFKDRVQSKIGSLDNIT
HVPGGGNKKIETHKLTFRENAKAKTDHGAEIVYKSPVVSGDTSPRHLSNVSSTGSIDMVDSPQLATLADE
VSASLAKQGL

",780
XP_007957952,780,aardvark,protein,634829804,">XP_007957952.1 microtubule-associated protein tau [Orycteropus afer afer]
MAEPRQEFNVVEDHAGAYGLGERKDLPSRGDYTLLQDHEGDADHGLKESPLQTPADDGSEEPGSEASAKS
TPTAEDVTAPLVDESAPGEQPHTEIPEGTTAEEAGIGDTPSLEDQAAGHVTQEQESVQGAQEGVLGDPGC
RGSQAPDLGSLHLTQQLAADTPGASILTEPGDTAGCHRGPELPKRQLLEDPAPERPPLKDGQGKERLAGK
EEVDEDRDIDESSPQASPPSQISPHAHISQSLAEAGPQTISREATGVTGVPAQGAISLPVGFLPEVSTDA
WLPESDMPSAGPAEAEGHDAPAEFMFQVEITANVQKELECSELDLEGAALPGSPGKDQETRGPYVGAESQ
KADLPEPSEKQPAAGLPRRPVSRVPQLKARMVSKSKDGTGNDDKRTKTSTPSSARTLKNRPCLSPKRPTP
GSSDPLIKPSSPAVCPEPSSSPKHVSSVTPRTGSSGAKEMKVKGADKTGTKIATPRGAAPPGQKGPANAT
RIPAKTTPSPKTPPGTATKKVQRKPPPAGERSERGESGKSGDRSGYSSPGSPGTPGSRSRTPSLPTPPTR
EPKKVAVVRTPPKSPSSAKSRLQTAPVPMPDLKNVRSKIGSTENLKHQPGGGKVQIINKKLDLSNVQSKC
GSKDNIKHVPGGGSVQIVYKPVDLSKVTSKCGSLGNIHHKPGGGQVEVKSEKLDFKDRVQSKIGSLDNIT
HVPGGGNKKIETHKLTFRENAKAKTDHGAEIVYKSPVVSGDTSPRHLSNVSSTGSIDMVDSAQLATLAEE
VSASLAKQGL

",780
XP_003414352,778,African savanna elephant,protein,344285203,">XP_003414352.1 microtubule-associated protein tau [Loxodonta africana]
MAEPRQEFNVMEDHAETYELGERKDLPSQEGYALLQDHEGDADRGLKESPLQTPADDGSEEAGSEASAKS
TPTAEDVTAPLVDETAPGEQPHTEIPEGTTAEEAGIGDTPNLEDQAAGHVTQDLPMEPKSVKVVQEGVLG
EPGHHGGQATHPGTLGLAQQLASNIPGASILPEGPRGAHQPGTEPEDTEGSHRGSELLKCQLLEDLPQGK
EKLGSEKEVDEDRDIDESSPQDSPPSQISPHPQISQTPAGPLPQTVSRDATGIPGLPAEGAIPHPVGFLP
KVSTETQVSEPDVPSAGSAGEVAEGHEAPAEFMFQVEIKANMQKERECSQLDLEETALPGSPGEEQEARG
PSVREDTQEADLPERSKKQPAAGLSGRPVSRVPQLKARMVSKSKDGTGSDDKRAKTSTPSSARTLKNRPC
LSLKRPTPGSSDPLIKPSSPAVCPEPSSSPKHVSSVTPRTGSSGAKETKLKGADKTGTKISTPRGAAPPG
QKGAANATRIPAKTTSTPKTPPSTATKKVQRKLPPAGAKSERGDSGKSGDRSGYSSPGSPGTPGSRSRTP
SLPTPPAREPKKVAVVRTPPKSPSSAKSRLQTAPVPMPDLKNVKSKIGSTENLKHQPGGGKVQIINKKLD
LSNVQSKCGSKDNIKHVPGGGSVQIVYKPVDLSKVTSKCGSLGNIHHKPGGGQVEVKSEKLDFKDRVQSK
IGSLDNITHVPGGGNKKIETHKLTFRENAKAKTDHGAEIVYKSPVVSGDTSPRHLSNVSSTGSINMVDSP
QLSTLAEEVSASLAKQGL

",788
XP_006159184,760,Chinese tree shrew,protein,562861703,">XP_006159184.1 PREDICTED: microtubule-associated protein tau [Tupaia chinensis]
MAEPRQEFDMMEDHAGTYGLGERKDQGGYTLLQDQEGDLDHGLKESPLQIPAEDGSEEPGSETSDAKSTP
TAEDVTAPLVDERAPGEQAAAQPPTEIPEGTTAEEAGIGDTPSLEDQAAGHVTQERGTDQVVQESLLGEP
GRGGGEAASALGLSPQHLPDSPGAPILPKGPTEATCQPPGTGPEDTEGSQRATALLKRQLSGDLLQEGPP
PKGEWSKERPRAEVEVDEDRDVDESSPQDSPPSQVSPARGGPSPQATSREAAGLRGSPSEAAMPLPVDFL
PKVPAETQASEPSAGLAAAAAEGSEAPPGFTFHVEIRPHVPKEPAPSESDLEGVKLPGAQGSSMGEDTKQ
VDLPEASEKRPVSGLPGRSVSRVPQLKARMVSKSKDGTGNDDKKTKTSTPSSAKTLNDRPCLSPKRPISG
SSDPLIKPSSPAVCPEPSSSPKHVSSVTPRTGSSGAKEMKLKGADGKTGTKIATPRGAAPPGQKGTGNAT
RIPAKTTPSPKTPPGTGEPPKSGDRSGYSSPDPEPPAGGREGKGRAAGRGVGLPAPPKRAPAPRPLLREE
TGLGFHPSLCEVSAKLSALLRESGSSGPFPCALGAGRLQGSGGGRSASAPGPDVAPPAGRTSAAAGVQII
NKKLDLSNVQSKCGSKDNIKHVPGGGSVQIVYKPVDLSKVTSKCGSLGNIHHKPGGGQVEVKSEKLDFKD
RVQSKIGSLDNITHVPGGGNKKIETHKLTFRENAKAKTDHGAEIVYKSPVVSGDTSPRHLSNVSSTGSIN
MVDSPQLATLADEVSASLAKQGL

",793
XP_008269868,741,rabbit,protein,655872369,">XP_008269868.1 PREDICTED: microtubule-associated protein tau [Oryctolagus cuniculus]
MAEPRQEFEATEDHAGGYAVLQDQEGDTDTGLKESPLQTPADDGSEEPGSETSDAKSTPTAEDVTAPLVD
ERAPGEQAAAQPDADIPEGTTAEEAGVGDTPNLEDQAAGHVTQEALRVASWQRAAPGQPVGQKQPEASAE
LVTPLPEQHPVFPEPPPPGGPQELRQEWGPTHGDLAKEGLAFPKPVSPGSLQKGPEIIKAQESLGRELGL
QGGQASDPGPPSLICQDVPALSGTPLLPEGPREAAHQPPGPGPVAAEGSPELLACPEGHQGKERPGGPEE
VDEDQDIDESSPQESPPSQVSPGRGGPPPGTPGLPAGGAVPLPVDFLSKVATETQAWVPVGCSPAPPGLL
AAEPEAPPELPLHGEITACVQHQEQELAHSKPDLEGTALPGGPGEKQEAQGPSLGRDTQEAGLPEPSRKH
PAAGLPGRPVSRVPQLKARLVSKGKDGTGSDDKKAKPSTPSSANTQRTRPCPSPKRPSPGSSDPLIKPSS
PAVCPEPASSPKHVSSVTPRNGSSGTKEMKLKGADGKTGTKIATPRGAAPPGQKGAANATRIPAKTTPSP
KTPPGTATKQVQRKPPPAGLKPERGESGKSGDRSGYSSPGSPGTPGSRSRTPSLPTPPTREPKKVAVVRT
PPKSPSSAKSRLQTAPVPMPDLKNVKSKIGSTENLKHQPGGGKVQIINKKLDLSNVQSKCGSKDNIKHVP
GGGSVQIVYKPVDLSKVTSKCGSLGNIHHKPGGGQVEVKSEKLDFKDRVQSKIGSLDNITHVPGGGNKKI
ETHKLTFRENAKAKTDHGAEIVYKSPVVSGDTSPRHLSNVSSTGSIDMVDSPQLATLADEVSASLAKQGL

",840
XP_006532473,767,house mouse,protein,568972037,">XP_006532473.1 PREDICTED: microtubule-associated protein tau isoform X5 [Mus musculus]
MADPRQEFDTMEDHAGDYTLLQDQEGDMDHGLKESPPQPPADDGAEEPGSETSDAKSTPTAEDVTAPLVD
ERAPDKQAAAQPHTEIPEGITAEEAGIGDTPNQEDQAAGHVTQEPEKVEIFSQSLLVEPGRREGQAPDLG
TSDWTRQQVSSMSGAPLLPQGLREATCQPSGTRPEDIEKSHPASELLRRGPPQKEGWGQDRLGSEEEVDE
DLTVDESSQDSPPSQASLTPGRAAPQAGSGSVCGETASVPGLPTEGSVPLPADFFSKVSAETQASQPEGP
GTGPMEEGHEAAPEFTFHVEIKASTPKEQDLEGATVVGVPGEEQKAQTQGPSVGKGTKEASLQEPPGKQP
AAGLPGRPVSRVPQLKARVASKDRTGNDEKKAKTSTPSCAKAPSHRPCLSPTRPTLGSSDPLIKPSSPAV
CPEPATSPKHVSSVTPRNGSPGTKQMKLKGADGKTGAKIATPRGAASPAQKGTSNATRIPAKTTPSPKTP
PGSASKQPQRKLPPAGAKSERGEPPKSGERSGYSSPGSPGTPGSRSRTPSLPTPPTREPKKVAVVRTPPK
SPSASKSRLQTAPVPMPDLKNVRSKIGSTENLKHQPGGGKVQIINKKLDLSNVQSKCGSKDNIKHVPGGG
SVQIVYKPVDLSKVTSKCGSLGNIHHKPGGGQVEVKSEKLDFKDRVQSKIGSLDNITHVPGGGNKKIETH
KLTFRENAKAKTDHGAEIVYKSPVVSGDTSPRHLSNVSSTGSIDMVDSPQLATLADEVSASLAKQGL

",767
XP_013003800,771,domestic guinea pig,protein,884895226,">XP_013003800.1 microtubule-associated protein tau isoform X5 [Cavia porcellus]
MAEPRQEFDTMEDHAGDYTLLQDQDGDTEPGLKESPLQTPADDGSEEPGSETSDAKSTPTAEEVTAPLVD
ETAPCKQAVAQPHMKIPEGTTAEEAGIGDTPSLEDQAAGHVTQARMVSKGRDGTGSDDRKAKGADGKTGT
KTTTPRGAGQKGAANATRIPAKTTPSPKTPPGGTAFKQVQRKPPPAGAKLERGEPTKSGDRSGYSSPGSP
GTPGSWSRTPSLPTPPTREPKKVAVVRTPPKSPSSTKSRLQTAPVPMPDLKNVKSKIGSTENLKHQPGGG
KVQIINKKLDLSNVQSKCGSKDNIKHVPGGGSVQIVYKPVDLSKVTSKCGSLGNIHHKPGGGQVEVKSEK
LDFKDRVQSKIGSLDNITHVPGGGNKKIETHKLTFRENAKAKTDHGAEIVYKSPVVSGDTSPRHLSNVSS
TGSINMVDSMQLATLADEVSASLAKQGL

",448
XP_003786275,768,small-eared galago,protein,395826136,">XP_003786275.1 microtubule-associated protein tau isoform X1 [Otolemur garnettii]
MAEPRQEFDVMEDHAEAYGLGDRKDQGDYTLLQDQEGDADHGLKESSPQTPADDGSEEPGSETSDAKSTP
TAEDATAPLVDERVPGEQAAAQPHPEIPEGTTAEEAGIGDTPSLEDQAAGHVTQEPESVKVPQEGVLGEP
GRHGFEASGTGMPGLSHPQVSTMPKAPPLPEGPREATHQPSGTQSKDTEGSQQHLHQEGSFLKGPGGKER
MGGEEEDEDRDVDESSPQASPPSQASPTQGRPPFHTVSREAAGVPGFPAEGAISLPIDFLSKVSAETPTS
ELDRPLVGPSEEGHDVPPEFTFHVEIKPNVQKEQARSELDSERATLPGAPREEPQAQGPSLGEDTKEAGL
PEPSEKRPAAGLRGKPVSRVPQLKARMVSKGKDGTGNDDRKTKTSTPSCAKTLKNRPCLSPKRPTPGSSD
PLIQPSSPAVCPEPPSSPKHVSSVTPRTGSSGAKEMKLKGADGKTKIATPRGTAPPGQKGANATRIPAKT
PPAPKTPPSSATKQVQRKPPPAGAKSEKGEPAKSGDRSGYSSPGSPGTPGSRSRTPSLPTPPTREPKKVA
VVRTPPKSPSSAKSRLQTAPVPMPDLKNVKSKIGSTENLKHQPGGGKVQIINKKLDLSNVQSKCGSKDNI
KHVPGGGSVQIVYKPVDLSKVTSKCGSLGNIHHKPGGGQVEVKSEKLDFKDRVQSKIGSLDNITHVPGGG
NKKIETHKLTFRENAKAKTDHGAEIVYKSPVVSGDTSPRHLSNVSSTGSINMVDSPQLATLADEVSASLA
KQGL

",774
XP_007482569,816,grey short-tailed opossum,protein,611992639,">XP_007482569.1 PREDICTED: microtubule-associated protein tau isoform X5 [Monodelphis domestica]
MAEQRSSYNMMEDHSGNQQIHSGEPFQIGGERKDLASQGGYTLLQDNEDDSGHGLKAEEAGIGDTPNLED
QAAGDVSQEELRVSAECQREESEILDFSANEIKSQMPQVSVEETFQKPQTPLRKKEPEMTVPLASQDNSV
SSEAPSLEEDMKETCPALRQINGDRTEQSLPSLKPSVLESSKPSGYDHFRVGVEGHEVYGSFLSEPGHYG
AEAIGQDAINMPGERISHMSAESIQSRSPGDSPLVLPVKERAGVREDDEDRDIDESSLQDSPLSSQPSPR
TESLQPQEVSSPSVASKETVAISGLPVEHHIKIPLPDDFLPKIPSEMPATESKPPELSQLGTEGSDELSS
FESSESVFQVEIKANIPKEQEFSELGPEDTVSPEDTMSGEPGSPSASVEKDAKIPEKHSLRSPSGKPVSR
VPQLKARKSSVAGSDEKKVKPSTPSSAQTFLKGRPTISPKRPSPVSSDPSITPSSPAVSSVPGSSPKHIS
SVISHTGSSGTKAMKSKRAESKSGIKMATHRAVPSGHKGSANATRIPAKASGPKTPPSAGESTKSGERSG
YSSPGSPGTPGSRSRTPSLPTPPTREPKKVAVVRTPPKSPSSTKSRLQTSAVPMPDLKNVRSKIGSTENL
KHQPGGGKVQIFNKKLDLSNVQSKCGSKDNIKHVPGGGSAATGVPATQNKVQIVYKPVDLSKVTSKCGSL
GNIHHKPGGGQVEVKSEKLDFKEKVQSKIGSLDNITHVPGGGNKKIESHKLTFRENAKAKTDHGAEIVYK
SPTMSGDTSPRHLSNVSSTGSINMVDSPQLATLADEVSASLAKQGL

",816
NP_001186122,654,chicken,protein,312836787,">NP_001186122.1 microtubule-associated protein tau isoform 1 [Gallus gallus]
MAEPHQDITTVEEQERQHVPSGYPLQIPVDDGSDEPVSETSDAKSTPTTEDATAPLVEEGDQEDQHGEIP
EGTTAEEAGIGATPSLEDHAAGDAAQARIDSKDKEGAETDEKKPKGQEMRGGTKPATPRSAAGQAQRNSS
NATRIPAKTPTAPKTPPGSGRKEQKKPPPAAAKPEKGEQPKSGDRSGYSSPGSPGTPGSRSRTPSLPTPP
AREPKKVAVVRTPPKSPASAKSRVQPSAAPMPDLKNVKSKIGSTENLKHQPGGGKVQIINKKLDFSSVQS
KCGSKDNIKHIPGGGSVQIVYKPVDLSHVTSKCGSLGNIHHKPGGGQVEVKSEKLDFKDKVQSKIGSLDN
ISHVPGGGNKKIETHKLTFRENAKAKTDHGAEIVYKSPTISGDASPRRLSNVSSTGSINMVDSPQLATLA
DEVSASLAKQGL

",432
XP_013153409,693,peregrine falcon,protein,909794529,">XP_013153409.1 PREDICTED: microtubule-associated protein tau [Falco peregrinus]
MAEQRQDVTMMEDHAAGQEKHIPSGYPLQIPVDDGSDEPVSETSDAKSTPTTEDATAPLVEEGDHEDQGG
VEQHGEIPEGTTAEEAGVGATPNLEDHAAGDAAQGRIDGKEKEGTEAEEKKPKKSSPSTAKPPGDRPSIP
PQQHTSSSTIPSKTPSSPASTSKRVSSVTSRPAGTGMQETKVKGPEMRGGTKTATPRSAAGQAQRNSTNA
TRIPAKTPTAPKTPPSSGRKEQKKPPPAAAKSEKGEQPKSGDRSGYSSPGSPGTSGSRSPTPPLPTPGTP
GSRSRTPSLPTPPAREPKKVAVVRTPPKSPASAKSRIQPSAAPMPDLKNVKSKIGSTENLKHQPGGGKVQ
IINKKLDFSSVQSKCGSKDNIKHIPGGGSVQIVNKKLDFSSVQSRCGSKDNIKHIPGGGSVQIVYKPVDL
SHVTSKCGSLGNIHHKPGGGQVEVKSEKLDFKDKVQSKIGSLDNISHVPGGGNKKIETHKLTFRENAKAK
TDHGAEIVYKSPTISGDASPRRLSNVSSTGSINMVDSPQLATLADEVSASLAKQGL

",546
XP_008160844,697,western painted turtle,protein,641794377,">XP_008160844.1 microtubule-associated protein tau isoform X3 [Chrysemys picta bellii]
MRTGEQAAAIPARAEATIPVPPGTYEDFRAFEESQEAVSRTELWDRGGKEDVGVGKALADEAGHDVCTEE
FATSAVSEFSQGAPSAGMFYHEKLAAPFEKWHPGIDDVGYEPVDNSHIQDRPYPLYSRGKLKEEAAGHEK
DEDRDIDETILQDSPSALGPQDSLLLEAAEEAVEVHGFPAEGRPKDNLAEISREIPVTERETHKAGQILD
ERRQWLSGKGYDDVTKMEPFESMYQVEVEANVIREGEISGSPLGATKFPDRLNKDVADRSVSLQQEMGGM
VQAMEKEESPKKKPATRMSEKQVSRVPHLKARIDSKDKDGTDTEEKKPKTSTPSSANPLKDRSSITPQRP
SSVSTTPLKNPSSPAESSVPASTPKRVSSITSRPASTGRKETKPKGPEMKSGMKMAAPRSATQTQKSPAN
ATRIPAKTPTAPKTPPNAAGRKEQRKPPTPAAKSEKGEPAKSGDRSGYSSPGSPGTPGSRSRTPSLPTPP
NREPKKVAVVRTPPKSPASAKSRLQTSTAPMPDLKNVRSKIGSTENLKHQPGGGKVQIVYKPVDLSHVTS
KCGSLGNIHHKPGGGQVEVKSEKLDFKEKVQSKIGSLDNITHVPGGGNKKIESHKLTFRENAKAKTDHGA
EIIYKSPTVSGDASPRRLSNVSSTGSINMVDSPQLATLADEVSASLAKQGL

",681
ETE73308,504,king cobra,protein,565322635,">ETE73308.1 Microtubule-associated protein tau, partial [Ophiophagus hannah]
MRPNFPRCLFSDNPSYRLTSKNKDWHEGDLSDRMADQHQDFSMTDDHLVSQARWNPTGESYEVGNRNVLF
TRWKPGLKKNEGRLSMGINLEKEESLKVNKAWLPVLCHGKIIPKAGLSKCQLPKMLKSDICLDKVPDRTN
QPEASTNKEPIRTRHSKMTSQKQPVPLRYFDAGVGSGDHKGTARPQELPSKQLCCEGKEEKFGNSSPPSR
VERAHMALGGSSARSWHVVDGPYSKAELLMLSAECMCFQALPSIYQLMMDLMNQGLKLLMLRVPQLWKQS
AKVRLAELLLESCFILVFVIDITAPLVEDRAYEDRNSAHQYAEMIEGTTGEASEAEEAGIVCTPNHEDHA
SGDAQAHIDSRDKNEIGIEEPKPKGPDMKSASKIATPRSAAAQNQKSPASASRIPSKTPTVPKTPPSLTA
KKEQRRPPSTAAKSERGEPTKSGERSGYSSPGSPGTPGSRSRTPSLPTPPNREPKKVAVVRTPPKSPSSA
KSRLQTAPVPMPDLKNIKSKIGSTDNLKHQPGGGKVQVVNKKLNFSHVQSRCGSKDNIKHIPGGGSIQIV
YKPVDLSHVTSKCGSLDNIHHKPGGGLVEVKSEKLDFKDKVQSKIGSLDNITHIPGGGNKKIESHKLTFR
ENAKAKTDHGAEIVYKSPTVSGDASPRRLSNVSSTGSINMVDSPQLATLADEVSASLAKQGL

",692
XP_003222596,656,green anole,protein,637314516,">XP_003222596.2 PREDICTED: microtubule-associated protein tau isoform X10 [Anolis carolinensis]
MLLSLRCCRPNLGCDSTYNLCDSMADQHKDFNMTDDHLVSQARWNQTGEPFQVGDRKELLPQGGIQQDGD
IQFKKNGDKLSEGMEPASVNGLRKGSPLHIPVDDGSDEPGSDASDAKSTPTVEEATAPLVEDRAHEDRTA
ARQHAEILEGTTAEEAGIVSTPNHEDHAAGDAQADGSLYFRGVLKEDVFGQGKDEDRDIDEAAQQDIVDE
KEPFIPEERSAISEKDPTELFYRVEVEANVQKESKCLEPMVEVGKLSENISLEGEPMDTMQISDLESASG
KKTASGISEKQGSRLPLLKARMDNKNGTGNEELKPKTSIPSCVKTLKDKPSITPKRNSSVSSIPLKKTSS
PIVSSVPASTPKLISSIESRPTSSGTKDKKGKGPDMKSATKIAVPRPPVAQNQKSPAGTSRIPAKTPTIP
KTPPSLAAKKEQRRPPNTAAKSEKGEQVKSGDRSGYSSPGSPGTPGSRSRTPSLPTPPNREPKKVAVVRT
PPKSPASAKSRLQTAPVPMPDLKNIKSKIGSTENLKHQPGGGKVQLINKKLDLSHVQSKCGSKDNIKHTP
GGGSIQIVYKPVDLSHITSKCGSLDNIHHKPGGGLVEVKSEKLDFKDKVQSKIGSLDNITHIPGGGNRKI
ESHKLTFRENAKAKTDHGAEIVYKSPTVSGDASPRRLSNVSSTGSINMVDSPQLATLADEVSASLAKQGL

",700
XP_012808014,714,western clawed frog,protein,1785342033,">XP_012808014.2 microtubule-associated protein tau isoform X1 [Xenopus tropicalis]
MADHYQDYDSVGDHTRDGSAQQIYTGGSGDHILESSQESVIRLPTAAHGDDAASVQEDLANGEAVRSQGH
AGIPEGTTAEEAGVGHTPSQQDRAAEEIALLAAAGQEEEYEMDTMEETLKITAKDQTHAENYGITGDVDG
ESQNDETALSSGMVESAVEEDYYKETNGKEVNLEICEDDTEGWEEQIDEGIIMQDSVAPPKGGEQELSSV
EQPQTNGTGAEHIFLEDNQHKKDTEEPFMAIPANSFPVGQIRPRASVSVYQVEIDANIPIDSKEAPCEDV
GIPGGTKVDTERATEETLKSPRKRMPAHGSGIPVSRVPVPKAHEQEKHETDSQEKGAQISTKHPPAKNAK
SRLYTVPQKSPSITSKSPSSPAASSVRSIQRTSLGAVGQPGVTARLHRAKEAGGPESAKSQLSASRNATS
ASRIPAKTSSIPKTPPSAVRRDQRKPPPSGAKPDRAESPKSGERSGYSSPGSPGTPTGRSSSQTPPTREP
KKIAVIRTPPKSPASAKSRLQPVTSPAAMPDLKNVRSKIGSIDNIRHQPGGGKVQIVHKKIDLSSVQSKC
GSKDNLKHMPGGGTIQITHKPIDLTHITSKCGSFGNIHHRPGGGNVEVKSEKLEFDKIQSKIGSLDNITH
TPGGGAKKIESHKLMFRENAKAKTDHGAEIVYKSPGQSGETSPRRLSNVSSSGSINMTDSPQLSTLADQV
SASLAKQGL

",709
XP_005994684,498,African coelacanth,protein,556973267,">XP_005994684.1 PREDICTED: microtubule-associated protein tau-like isoform X1 [Latimeria chalumnae]
MAEQYQDSNMAAPLAESHHYEVSSGESFPEGGVQSVGKESPAQTGYTQLLEDGRDHTATGAEVKENGVGL
PTGAQLAADDTSMKDDTAALVEEGATEDRTSEGQHAEPLVGTTADVTSVSGALPQAKSQATEDQTPQAQA
PGTVSKDSAAPEKKTKTSIPSPAKTPKGRLSTTPKRPSSVTAISMKKSSSHSVSTPTCPSSTTAQPASTG
AKQQKLKESEVKSGLKSPASRSAALTPKVGVSKIPAKTPPTAAALKGSSTAAAKTEPKKPPAAAKSEQAD
SPKPSDRSGYSSPGTPGTPGSRSRTPSQQSSASTKEPKKVAVVRTPPKSPSSSKNRASPVLTPMPDLKNV
RSKIGSTENIKHQPGGGKIQIVNKKMDLSNVQSKCGSKDNLRHVPGGGTVQIVHKPVDLTRVTAKCGSLS
NIHHKPGGGNVEVKSEKLDFKVQSKIGSLDNISHTPGGGSKKIESHKLSFREHAKARTDHGAEIVYKSPS
VSNDGSPRRLSNVSSTGSINMMDSPQLSTLADEVSASLAKQGL

",533
XP_007909862,451,elephant shark,protein,632985757,">XP_007909862.1 PREDICTED: microtubule-associated protein tau-like [Callorhinchus milii]
MSQSGSAADVGEVGRQPQQVVLGGPSEPAVGMEPVGHAAVERVGAGAGEDDKPSPQAPEVKENGVGVTSA
TLLGVGDRGAKAEQLNQGAAGPKPQAQASLQDSEAVPHAAGEDGRGDSGRAENKPKGAEPRSRLKSPASH
VPRATAKTPPKPTHAQKVAPGSPDVKRATARSEQRRIPKNEKGDSPAKAGGSACSSPGTPGSRSRTPSQH
VSGGVKEVKKVVALVRTPPKSPGPAKTRTPPAPVSMPDLKGVKSKIGSTENIKHTPGGGKVEILSKKEDY
SKVQSRCGSKDKIKHMPGGGNVQILSKKIDLSHVASKCGSKDNIRHKPGGGNVEIKSQKLEFKEKAQSKI
GSMDNITHTPGGGTKKIETHKLTFRESAKARTDHGAEIVYKSPSASLEGSPRRLSNVSSTGSVNMVESPQ
LATLADEVSASLAKQGL

",437
ctg21514,271,little skate,protein,907837202,">CTG21514.1 aldose 1-epimerase [Streptococcus pneumoniae]
MKAYTERVFGNVEGEDVLAYRFETDGGYQLEVMTYGATILRYVAPDKAGNFANVILGFDDFDSYVGNSPK
HGASVGPVAGRIAGATFELNGKTYDLEVNNASNCNHSGSTGWDSSLFEVEEVSDHGLTLYTERTDGTGGF
PGNLKIWISYHLEETGAYEISYKVTTDQDTLVNPTNHSYFNLSGDFTQTIDRHVFQLNTEGIYSITPDGV
PAKTPEANRDVVKHIYNGTLLKDIFAEEDEQIQLASGLDHPFALPVGHDNAGFLYDQNSGRFLLFKTEAP
CFVVYTANFVDESVIIGGQPMLQHNGIALEAQALPDAIHSDLKGQVILKAGQTFTSKTRYELVVK

",345
XP_006638354,873,spotted gar,protein,573901255,">XP_006638354.1 PREDICTED: microtubule-associated protein tau-like [Lepisosteus oculatus]
MAQQQQDFTMNSSVPEAQAVQYSSGDTMATASDLDTKDSLHQEVKENGMPAAVHVVPGDGPMKGTEQLCD
WARESGGGGADSRADLESQEPAADEMPEEPVSGASHAESASSEDFTAGAGRPSSKGASWGFAEEEGVQGD
QPLSPSGPVRHPEGRPLLLSPDAAERRESEPEESPSGDISAGRSLSGSEEERDPQVSESGEPNVMTAELT
REEGRGDGFVYAGEQLPDRGFRAAEEATVRGEQDLPGDDQQQAESSPDFPLPSEEERRRVLSFDYAEPHG
PAGPDGLAFGSPGQENGVEPLWKGEASPAASPGSPISPYVETSERKAVSGSRRQSELEEAGGFWDFPTSN
TEGTPPAETGREDTEPEFAEESDSGVAPTDYTAPTDEDLIDTVQAAQLAQPPSSATSDATSVVSEEPEAQ
GVAPKMEAGDPRDNQRRLGSVTSKPGAGPRDAKPRGAEAKGAVRSPASKAAGGARSQAPGSKIPAKTPTS
GALAGMPAASSESPKTPERSGYSSPSTPKSPGSRSHTPGQASASAAKEAKKVAVVRTPPKSPASVKNRAP
VPLAPMPDLKNVRSKIGSIDNIKHMPGGGKVQIINKKMDLTSVQSRCGSKDNIKHIPGGGTVQIVHKKID
LSNVTSKCGSKDNIRHKPGGGNVEIKSEKMDFKVQSKIGSLGNIGHVPGGGNKKIESHKLTFREQAKART
DHGAEIVYKSPTVSTDGSPRRLSNVSSTGSINMMDSLQLATLADEVSASLAKQGL

",755
XP_001109205,1915,Rhesus monkey,protein,1622851286,">XP_001109205.3 microtubule-associated protein 2 isoform X12 [Macaca mulatta]
MADERKDEAKAPHWTSAQLTEASAHSHPPEIKDQGGAGEGLVRSANGFPYREDEEGAFGEHGSQGTYSNT
KENGINGELTSADRETAEEVSARIVQVVTAEAVAVLKGEQEKEAQHKDQTAALPLAAEETANLPPSPPPS
PASEQTVTVEEDLLTASKMEFHDQQELTPSAAEPLDTKEEESEKQSKPGEDLKHAALVSQPETTKTYPDK
KDMQGTEEEKAPPALFGHTLVASLEDMKQKTEPSLVVPGIDLPKEPPTPKEQKDWFIEMPTEAKKDEWGL
VAPISPGPLTPMREKDVFDDIPKWEGKQFDSPMPSPFQGGSFTLPLDVMKNEIVTDTSPFTPAFLQPDDK
KSLQQTSGPATAKDGFNIEEPYEDKPDKTAEAPPSEAMTLPKDAHIPVVEEHVTGKVLEEEKEAINQETV
QQKDTFTPSGQEPILTEKELELKLEEKTTISDKEAVPKESKPPKPADEEAGIIQTSTEHIFSEQKDQEPT
TDMSKQDSFPVSLEQAVTDSAMTSKTLEKAMTEPSALIEKSSIQELFEMRVDDKDKIEGVGAATSAELDM
PFYEDKSGMSKYFETSALKEEATKSIEPGSDYYELSDTRESVHESIDTMSPMHKNGDKEFQTGKEPQPSP
PAQETGYSTLAQSYPSDLPEEPSSPQERMFTIDPKVYGEKRDLHSKNKDDLTLSRSLGLGGRSAIEQRSM
SINLPMSCLDSIALGFNFGRGHDLSPLASDILTNTSGSMDEGDDYLPATTPALEKAPCFPVESKEEEQIE
KVKATGEESTQVETSCESPFLAKDFYKNGTVMAPDLPEMLDLAGTRSRLASVSADAEVARRKSVPSETVV
EDSRTGLPPVTDENHVIVKTDSQLEDLGYCVFNKYTVPLPSPVQDSENLSGESGSFYEGTDDKVRRDLAT
DLSLIEVKLAAAGRVKDEFSVDKEASVHISDDKSGLSKEFDQEKKANDRLDTVIEKSEEHTDSKEHAKKT
EEAGDEVETFGLGVTYEQALAKDLSIPTDASSEKAEKGLSSVPEVAEVESSKKVEQGLDFAVQGQLDVKI
SDFGQMASGLNIDDRRTTELKLEATQDMTPSSKAPQEVDAFMGVESGHMKEGIKVSETEVKEKVAKPDLV
HQEAVDKEESYESSGEHESLTMESLKADEGKKETSPESSLIQDEIAVKLSVEIPCPPAVSEADLATDERA
DVQMEFIQGPKEESKETPDISITPSDVAEPLHEAIISEPAEIQSEEEEIEAQGEYDKLLFRSDTLQITDL
GVSGAREEFVETCPGEHKGVIESVVTIEDDFITVVQTTTDEGESGSHSVRFAALEQPEVERRPSPHDEEE
FEVEEAAEAQAEPKDGSPEAPASPEREEVAFSEYKTETYDDYKDETTIDDSIMDADSLWVDTQDDDRSIM
TEQLETIPKEEKAEKEAQRSSLEKHRKEKPFKTGRGRISTPERKVAKKEPSTVSRDEVRRKKAVYKKAEL
AKKTEVQAHSPSRKFILKPAIKYTRPTHLSCVKRKTTAAGGESALAPSVFKQAKDKVSDGVTKSPEKRSS
LPRPSSILPPRRGVSGDRDENSFSLNSSLSSSARRTTRSEPIRRAGKSGTSTPTTPGSTAITPGTPPSYS
SRTPGTPGTPSYPRTPHTPGTPKSAILVPSEKKVAIIRTPPKSPATPKQLRLINQPLPDLKNVKSKIGST
DNIKYQPKGGQVRILNKKIDFSKVQSRCGSKDNIKHSAGGGNVQIVTKKIDLSHVTSKCGSLKNIRHRPG
GGRVKIESVKLDFKEKAQAKVGSLDNAHHVPGGGNVKIDSQKLNFREHAKARVDHGAEIITQSPGRSSVA
SPRRLSNVSSSGSINLLESPQLATLAEDVTAALAKQGL

",1858
XP_008046808,1908,Philippine tarsier,protein,640782340,">XP_008046808.1 PREDICTED: microtubule-associated protein 2 isoform X2 [Carlito syrichta]
MADERKDEAKAPHWTSAPLTEASAHAHPPEMKVQGGAEEALVQSANGFPYREDEEGAYGEHRSQDTYSKT
KENGINGELTSADRETAEEVSARIVQVVTAEAVAVLKGEQEKETQHKDQPAALPLAAEETANLPPSPPPS
PASEQIVTGEEDLLTASKMEFQDQQELTASTTEPLDKKEKESEKQSKPGEDLKHAALVSQPETTQTYADK
KDMQGPEEEKAFPTLFGHTLVSSLEDTKQKIEPSLVVPGIDLPSVPPTPKEQKDWFIEMPMETKKDEWGL
AAPISPGPLTPMREKDVFDDIPKWEGKQFDSPMPSPFQGGSFTLPLDVLKHEIVPETSPFAPAFLQPDDS
QFLQETSGPATAKDSSKIEEPHRDKPDKMAEAPASEAITLPKDAHIPVMEECVMEKVLEKEKGGIHQENV
QKKDTFSPSGQEPVLTEKEPQLKLEEKMAISEKEAVPKESRPLILADEETGIIQTSTEHVFSKDEQKGQD
SATNMLKQDPFPVSLEQAVTDSVMTSKAADKVMAEPATPSEKSATQEVFEAKVADKDSKVEGVGATASVE
LDMPFYEDKSGMSKYFETSALKEEITKSIEPGSDYYELSDTRESAHESVEAISPMHKNGDTGFQAEKESQ
PSAPAQEAGYSTLAQSYPSDLPEEPSSPQERMFTIDPKVYGEKRDLHSKNKDDLTLSRSLGLGGRSAIEQ
RSMSINLPMSCLDSIALGFNFGRGHDLSPLASDILTNTSGSMDEGDDYLPATTPALEKVPCFPTENQEEE
QIEKEKATREENTQVEASCESPFLAKDFYKNGTVMAPDLPEMLDLAGTRSRLASVSADAEVARRKSVPSE
TVVEESSTGLPPVTDENHVIVKTDSQLEDLGYCVFNKYTVPLPSPVQDSENLSEESGSFYEGTDDKIRRD
LATDLSLIEVKLAAAGRVKDEFSSEKETSLRISGDKSGLGREFEERKANDRLDTVLEKSEEHADLKEHVK
KTEEDGDKVETFGIGVTCEQALASSEESEKGLSSVPEVTEVEPPKKAEQGLDFAAKKVAQGQLDVKISDF
GQMASGLDVDAGKATELKVEATQDLTPSSKVSQEADAFMGVESGHLKEGLRVSEMEVKEKVAKPDLVHQE
AVDKEESYESSGEHESLTMESLKADEGKKETSPESSLIQDEIALKLSVEIPCPPAVSEADLATDERADVQ
MEFIQLPKEESKETPGISITPSDVTEPLLEAVASEPAEVQSEDEIEAQGEYDKLLFRSDTLQITDLGAPG
VREEFVETCPGEHKGVIESIVTIEDDFITVVQTTTEEGESGSHSVRFAALEQPELKRRPAPHGDEFEMEE
AAEAQAEPKEGSPEAPASPEREEVALSEYKTETYDDYKDETTIDDSIMDADSLWVDTQDDDRSIMTEQLE
TIPKEEKAEKEARRSSLEKHRKEKPFKTGRGRISTPERKIAKKEPSTVSRDEVRRKKAVYKKAELAKKTE
VQAHSPSRKFILKPAIKYTRPTHLSCVKRKTTAAGGESALAPSVFKQAKDKVSDGVTKSPEKRSSLPRPS
SILPPRRGVSGDRDENSFSLNSSISSSARRTTRSEPIRRAGKSGTSTPTTPGSTAITPGTPPSYSSRTPG
TPGTPSYPRTPHTPGTPRSAVLVPSEKKVAIIRTPPKSPATPKQLRLINQPLPDLKNVKSKIGSTDNIKY
QPKGGQVQIVTKKIDLSHVTSKCGSLKNIRHRPGGGRVKIESVKLDFKEKAQAKVGSLDNAHHVPGGGNV
KIDSQKLNFREHAKARVDHGAEIITQSPGRSSVASPRRLSNVSSSGSINLLESPQLATLAEDVTAALAKQ
GL

",1822
XP_006082532,1909,little brown bat,protein,558099716,">XP_006082532.1 PREDICTED: microtubule-associated protein 2 [Myotis lucifugus]
MADDRKDDAKAPHWTSAQLTEASAHPHSPEIKDQGGAGEGFVRSANGFPFREDEEGTFGEHGSQSTYSNT
KENGINGELTSADRETAEEVSARIVQVVTAEAVAVLKGEQEKEAQHKDQPAALPLAAEETANLPPSPPPS
PASERTVAVEEAPKMEFHDQQELTASLPEPLDKKEKELENQSKPGEDLKHAALVSQPETTEMSSDKKDRR
GPEEGRVPLTLFGHTLGAGLEDSKQKAEPSLVVPGIDLPPETPVPKEQKDWFIELPMETKKDEWGLVAPI
SPGPLTPMRKNDVFEDIPKWEGKQFDSPMPSPFHSGSFTLPSDVMKNEIVEEASSFAPALLKSDDKTSLE
ETSGPVTAKDTSKVEEPHKDKPYKMAEVPASEAIPSPKEAHILDVEECVPEKVLEEEKGAIKQESVQKKE
MPTLSGQESSLTEKESQLKLEEKTTIPDKETMLKESEAPKPKDKETGVIQPSTEHTFSKEEQKSQQPTTL
KQESFPESLEQAVTSSAMASKALEKEPAVLSEKNAIEDLFEEKVADKGNRVEGVGAATLAELDMPFYEDK
SGMSKYFETSALKEEVTKSFQPGSDYYELSDTRESAQEPFDTVSPMHQYGDKGLQAGKEPQPGAPAQEAG
YSTLAKSYPPDLPEEPSSPQERMFTIDPKVYGEKRDLHSKNKDDLTLSRSLGLGGRSAIEQRSMSINLPM
SCLDSIALGFNFSRGHDLSPLASDILTNTSGSMDEGDDYLPATTPAVEKAPCFPIESKEEEEQIQGEKAA
GEGNTQVETVCESPFLAQDYYKNGTVMAPDLPEMLDLAGTRSRLASVSADTEVGRRKSVPSGNVIEENRT
GLPPVTDENHVIVKTDSQLEDMGYCVFNKYTVPLPSPVQDSENLSGESGSFYEGTDDKVRRDVATDLSLV
EVKLAAAGRVRDEFSAEKEASPQSGLSREFDQERKANDKLDTVLEKSEEHTDSKEHARESEEAGDKVETF
GLGITYEHALAKELTVSKDASSAMAEKGLSSVPEVAEAEQSKKAGSELDFVAKKAEQGHLDVKISEFGQM
ASGLNIDAAKSTEPKFEATQDLTLLSGTPQEAGVFMGVESGHMREGTKVSETEVKEKVAKPDLVHQEAVD
KEESYESSGEHESLTMESLKPEEGKKETSPESSLIQDEIAIKLSVEVPCAPAVSEAELAEDERADVQLES
IQPPKEESKETPGISITPSDVTEPLLEAVGAEPAEAQNEEEEIEARGEYDKLLFRSDTLQITDVGVPSVR
EEFVEACPGEHKGVIESVVTIEDDFITVVQTTTDEGESGSHSVRFAALEQPEVERRPSPHAEEELEVEEA
AEAQAEPKDGAPKAPASPEREVAGLSEYKTETYDDYKDETTIDDSIMDADSLWVDTQDDDRSIMTEQLET
IPKEEKAGKEARRPSLEKHRKEKPFKTGRGRISTPERKVAKKEPSTVSRDEVRRKKAVYKKAELAKKTEV
QAHSPSRKFILKPAIKYTRPTHLSCVKRKTTAAGGESYQVPSVFKQAKDKVSNSTLSKIPALQGNTKSPR
CSSACPSPTKRTTFSDSFLIQPSSAGSTDRLPYSESGNKDGVTKSPEKRSSLPRPSSILPPRRAVSGDRD
ENSFSLNSSFSSSARRTTRSEPIRRAGKSGTSTPTTPGSTAITPGTPPSYSSRTPGTPGTPSYPRTPHTP
GTPKSAILVPSEKKVAIIRTPPKSPATPKQLRLINQPLPDLKNVKSKIGSTDNIKYQPKGGQVRILNKKI
DFSKVQSRCGSKDNIKHSAGGGNVQIVTKKIDLSHVTSKCGSLKNIRHRPGGGRVKIESVKLDFKEKAQA
KVGSLDNAHHVPGGGNVKIDSQKLNFREHAKARVDHGAEIITQSPGRSSVASPRRLSNVSSSGSINLLES
PQLATLAEDVTAALAKQGL

",1909
XP_004427558,1926,southern white rhinoceros,protein,478506527,">XP_004427558.1 PREDICTED: microtubule-associated protein 2 isoform X5 [Ceratotherium simum simum]
MADDRKDEAKAPHWTSAQLTEASAHPHTPEIKDQGGAGEGLVRSANGFPYREDEEGAFGEHGSQGAYSNT
KENGINGELTSADRETAEEVSARIVQVVTAEAVAVLKGEQEKEAQHKDQPAALPLAAEETANLPPSPPPS
PASEQTAAVEEGLLTASTMEFHDQQELTPSAAEPLDKKEEESEKQSKPGEDLEHAALVSPPETTDTSPDK
KDMQGTEEEKAPPSLFGHPLGASLEDMKQKTEPSLVVPGIGLPAQPPAPKEQKDWFIEMPIEAKKDEWGL
AAPISPGPLTPMKEKDVLDDIPKWEGKQFDSPMPSPFQGGSFSLPLDVMKHEIVAEATPFAPALLQPDDK
KSLEETSGSATAKDSSTVEEPHKDKPDKMAEAPASEAITPPEDAHIPVVDECVPEKVLGEEKEEIKQDSV
PKKETSILSAQEPTLTEKEPQLTLEQKTTISDKAATPKESEPPEVTDEETSILQPSTEHTFSKEEQKSQE
PTTDILKQDSFPVSLERAITDSAMTSKTPEKVITEPAALSEKSDTQDLFEEKVTDEDKKVEGVGAAASAE
MEMPFYEDKSGMSKYFETSALKEEVTKSIQPGSDYYELSDARESAPESFDTVSPVYKNGDKALQAAKESQ
PSAPAQEAGYSTLAQSYPSDLPEEPSSPQERMFTIDPKVYGEKRDLHSKNKDDLTLSRSLGLGGRSAIEQ
RSMSINLPMSCLDSIALGFNFGRGHDLSPLASDILTNTSGSMDEGDDYLPATTPALEKAPCFPIESKEEE
KQVEAEKATGEESTQVEASCESPFLAKDYYKNGTVMAPDLPEMLDLAGTRSRLASVSADAEVARRKSVPS
ETVVEESSTGLPPVTDENHVIVKTDSQLEDLGYCVFNKYTVPLPSPVQDSENLSGESGSFYEGTDDKVRR
DLATDLSLIEVKLAAAGRVKDEFSAEKEAPPHIPGDKLGLGRELDQERRANDKLDTVLEKSEEHADSKEH
AKETEEAGDKIEPFGVDVTHEHALAKELTVSKDASPLVAEKAEKGLSSVPEVAEVEPSKKAEPELDFAAK
KADQGPLDVKISDFGQMAAGLTIDAGKAVELKPEATRDLTPPSAAPQEAEAFLGVESGHLKEGAKVSETE
VKEKVSKPDLVHQEAVDKEESYESSGEHESLTMESLKADEGKKETSPESSLIQDEIAIKLSVEIPRAPAA
SEADVAPGERADVQMEFIQLPKEESKETPDISGTPSDMTEPLPEAVAPEPAGAQSEEEEIEAQGEYDKLL
FRSDTLQITDLGVPGVREEFVETCPGEHKGVIESVVTIEDDFITVVQTTTDEGESGSHSVRFAALEQPEV
ERRPSPRAEEELQVEEAAEAQAEPKDGSPEAPASPEREEVALSEYKTETYDDYKDETTIDDSIMDADSLW
VDTQDDDRSVMTEQLETIPKEEKAEKETRRPSLEKHRKEKPFKTGRGRISTPERKIAKKEPSTVSRDEVR
RKKAVYKKAELAKKTEVQAHSPSRKFILKPAIKYTRPTHLSCVKRKTTAAGGESTQAPSIFKQAKDKASD
GVPRSPEKRSSLPRPSSILPPRRGGSGDREENSFSLNSSISSSARRTTRSEPIRRAGKSGTSTPTTPGST
AITPGTPPSYSSRTPGTPGTPSYPRTPHTPGTPKSAILVPGEKKVAIIRTPPKSPATPKQLRLINQPLPD
LKNVKSKIGSTDNIKYQPKGGQVQIVTKKIDLSHVTSKCGSLKNIRHRPGGGRVKIESVKLDFKEKAQAK
VGSLDNAHHVPGGGNVKIDSQKLNFREHAKARVDHGAEIITQSPGRSSVASPRRLSNVSSSGSINLLESP
QLATLAEDVTAALAKQGL

",1838
XP_004262822,1925,killer whale,protein,465967067,">XP_004262822.1 PREDICTED: microtubule-associated protein 2 isoform X1 [Orcinus orca]
MADDRKDEAKAPHWTSAQLTEASAHPHPPEIKDQGGAGEGLVRSANGFPYREDEEGAFGEHGSQDTYSNT
KENGINGELTSADRETAEEVSARIVQVVTAEAVAVLKGEQEKEAQHKDQPAALPLAAEETANLPPSPPPS
PASEQTVTVEEGLLTASKMEFHDQQELTPSPAEPLEKEEKESEEESKPGEDLKHAALVSQPETTKTSPDK
KDMQDTEEEKVPPTLFGHTLGASLEDTKQKTEPSLVVPGIGLPAEPSAAKEQKDWFIQMPMEAKKDEWGL
VAPVSPGPLTPMKEKDVLEDIPKWEGKQFDSPMPSPFQGGSFTLPFDVTKNDIVAAASPFAPALLQPDDK
KSLEETGSPATAKDSSKVEEPHMDQPDKMAEAPASEAVTSPKDAHISIVEDYVPEKGLGEEKGAVKQESV
QIKETPTFREQEPVLTEKEPHLKLEEQTTVSDEEAVSKESEAPKLTDEETGVIQPSTEHAYSKEEPKGQE
LPTDILKQDSFPVSLEQAVTDSAVTSKTPEKVMTEPAALSEKSATQELFEEKVADKDNVEGVGAVTSAEL
DMPFYEDKSGMSKYFETSALKEEVTKSIQPGSDYYELSDTREGAQESFDTVSSMYKNGDKALTAEKDSQP
SAVAQEGGYSTLAQSYPSDLPEEPISPQERMFTIDPKVYGEKRDLHSKNKDDLTLSRSLGLGGRSAIEQR
SMSINLPMSCLDSIALGFNFGRGHDLSPLASDILTNTSGSMDEGDDYLPATTPAVDKAPCFPTESKEEKE
QIKGEKATGEENTQVEPSCESPFLAKDYYKNGTVMAPDLPEMLDLAGTRSRLASMSADAEVARRKSVPSE
TVVEESSTGFPPVTDENHVIVKTDSQLEDLGYCVFNKYTVPLPSPVQDSENLSGESGSFYEGTDDKARRD
LVTDLSLIEVKLAAAGRVKDELSAEKEASPPISGDKSGLSREFDQEKKANDKLDTLLEKSEEHADSKEHA
KETEEAGDKVETFGLGVTHEQASAKELTVSKDASPLVAEKAEKGLSSVPEVAEVESSQKAEPELDFAAKK
ADQGQLDVKISDFGQMASGLHIDAGKAAELKLKATQDLAPSSTAAQEADAFMGVESGHVKEGTKVSETEV
KEKVAKPDLVHQEAVDKEESYESSGEHESLTMESLKADEGKKEISPESSLIQDEIAIKLSVEIPCAPAVS
EADLAADESADVQMELIQLPKEENKETPDISITPSDVTEPLPEATGAEPAEAENEEEEIEARGDYDKLLF
RSDTLQITDLGVPGVREEFVETCPGEHKGVIESVVTIEDDFITVVQTTTDEGESGSHSVRFAALEQPEVE
RRPSPRAEEELEVEEAAEAQAEPKDGSPEAPASPEREEVGLSEYKTETYDDYKDETTIDDSIMDADSLWV
DTQDDDRSIMTEQLETIPKEEKAEKEARRPSLEKHRKEKPFKTGRGRISTPERKIAKKEPSTVSRDEVRR
KKAVYKKAELAKKTEVQAHSPSRKFILKPAIKYTRPTHLSCVKRKTTAAGAESAQAPSVFKQAKDKVSDG
VTKSPEKRSSLPRPSSILPPRRGVSGDRDENSFSLNSSISSSARRTTRSEPIRRAGKSGTSTPTTPGSTA
ITPGTPPSYSSRTPGTPGTPSYPRTPHTPGTPKSAILVPSEKKVAIIRTPPKSPATPKQLRLINQPLPDL
KNVKSKIGSTENIKYQPKGGQVQIVTKKIDLSHVTSKCGSLKNIRHRPGGGRVKIESVKLDFKEKAQAKV
GSLDNAHHVPGGGNVKIDSQKLNFREHAKARVDHGAEIITQSPGRSSVASPRRLSNVSSSGSINLLESPQ
LATLAEDVTAALAKQGL

",1837
XP_012401853,1852,Tasmanian devil,protein,821476924,">XP_012401853.1 microtubule-associated protein 2, partial [Sarcophilus harrisii]
EVSARIVQVVTAEAVAVLKGEQEKEAQHKDQPAGLPIAVEESANLPPSPPPSPASEQTGTVEEEEETIEG
PMAEEVKPAALPEKEWGKECGPAKPSDQPMDLSEVQVDSISKVKIVPEESVSPGGPLEKSTKVVQEVSLD
IKTPFSAEEDLLTASKMEFHEQQGTGPLTGEPLDKKEKESEKGSKPAELPKHDALVAQPAPPIDKKDIHH
REDEKVPLTPFAQTFGEELEYMQQKSEPIAAALDVDFPTETVLQKEQKDLSIEVPKDEWSTYSQLSPEPL
TPMKENYEVQEIPKWDGKKLDSPRPTPFGSMSFSLPSEPKADLSDATKDKLESKALPSTTEALKPEDKKP
EEVSSSQIAKEIPKDEQIHMEKTLKAEETTASMEISSSVKAEKPTVSESPIKKISSVGEEKDVIKQESEQ
KKEPCTFNGQKSTLFDSELYPKPEEKNVIPEKKTLLKESEPQKIDEEMDISSVSTEKTFQKEEKKDQKIP
TDDLSRDSFSEGIEQVLSGAATTSKMLDKTPDELGLLSEKSASKELFREEIVDKDMEVHRTGAASSLDYN
RQLDEDKSGMSKYFETSTLKEETTKNIQSGSDYYELSDTKESVYESYDTVSPIHKSSEKEFYPEKEQQPA
PVLEGGYSTLAQSYPADLPEEPSSPQERMFTIDPKVYGEKRDLHSKNKDDLTLSRSLGLGGRSAIEQRSM
SINLPMSCLDSIALGFNFGRGHDLSPLASDILTNTSGSMDEGDDYLPATTPALEKAPCFPIESKEEEQLE
EEKVTRADNIQVESLCESPFLAKDYYKNGSVMAPDLPEMLDLAGTRSRLASMSADAEVARRKSVPSETLL
EESSTGLATPTDENHVATKADSQLEDLGYCVFNKYTVPLPSPVQDSDNLSGESGSFYDGSDDKIRRDLAT
DLSLIEVKLAAAGRVKEEFSSEGELAQPISEDRSGLGKELDHERKSNDKLDTVLEKSEEHIESKEILLLV
EKEYPKKAEGVDKVEAFGTGMTFEQVFGKEPIKPKETSIFTSEQAEKSLSSVPEVTEAESSPKADHGLDA
DAKKVEQSQPEAKISDFGQAALGMVGDTEKGTEPHIQAVQPDRTHTAKPPEGDTFPSTEPSHLKESSKVS
ETEVKEKVPKPDLVHQEAVDKEESYESSGEHDHTPESLTMESLKADESKKEVAPEVTVLQEDIPVKLPAE
EPPAVSDLKSYVVQTEGPDIQMEQVQQPKEDVKETPDISITPSEVIEPLLQGIVSEPEETQREEEEEIEA
RGEYDKLLFRSETLQITDLSVPAVKEELVELGAAEMPEYKGVIESVVTIEDDFITVVQTTTDEGETGSHS
VRFAALEQPESRASPPEEEQEEEVQIEKSAEAVGEPKEGSPEAPASPEKEEIGFSEYKTETYDDYKDETT
IDDSIMDADSLWVDTQDDDRSIMTEQLETVPKEEKAEKEVRRPSLDKHRKEKPFKTGRGRISTPERKVAK
KEPSTVSRDEVRRKKAVYKKAELGKKTEVQAHSPSRKIILKPAIKYTRPTHLSCVKRKTTAAGGETNQAS
GVYKQAKDKFTDGVSKSPEKRSSLPRPSSILPTRRGVSGDRDENSFSLNTSMSASVRRTTRSEPIRRTGK
SGTSTPTTPGSTAITPGTPPSYSSRTPGTPGTPSYPRTPHTPGTPKSGILVPTEKKVAIIRTPPKSPATP
KQLRLINQPLPDLKNVRSKIGSTDNIRYQPKGGQVRILNKKMDFSEVQSRCGSKDNIKHSAGGGNIQIVT
KKIDLSHVTSKCGSLKNIRHRPGGGRVKIESVKLDFKEKAQAKVGSLDNAHHIPGGGNVKIDSQKLNFRE
HAKARVDHGAEIITQSPGRSSVASPRRLSNVSSSGSINLLESPQLATLAEDVTAALAKQGL

",1881
XP_007982279,1124,African green monkey,protein,635118487,">XP_007982279.1 microtubule-associated protein 4 isoform X5 [Chlorocebus sabaeus]
MELKRQLQQCRMADLSLADALTEPSPDIEGEIKRDFIATLEAEAFDDVVGETVGKTDYIPLLDVDEKTGN
SESKKKPCSETSQVEDTPSSKPTLLANGGHGIEGSDTTGSPTEFLEEKMAYQEYPNSQNWPEDTNFCFQP
EQVVNPIQTDPFKMYHDDDLADLVFPSSATADTSIFAGQNDPLKGSYGMSPCNTAVVPQGWSVEALNSPH
SESFVSPEAVAEPPQPTAELAKEIEMASEEERPPAQALEIMMGLKTTDMAPSEETEMALAKNMALATKTE
VALAKDMESPTKLDVTLAKDMQPSMESDMALVKDMELPIEKEVALVKDVRWPTETDVSSAKNVVLPTETE
VAPAKDVTLFKETERASPIKMDLAPSKDMGPPKENEIDPAKGLVLLSEIEVAQANDIISSTEISSAEKVA
LSSETEVALARDMALSPETNVILTKDKALPLEAEVALVKDMAQLPETEMALGKDVAPYTVKEVGSLKDMS
PLSETEMALGKDLTPPPETEVVLIKNVCLPPEMEVVPTKDQVPALKTEAPLAKDGILTLANNVTPAKDVP
PLSETEATPVPIKDMEIAQTQKGISEDSHLESLQDVGQSAAPTFMISPETVTGMGEKCSLPADEDSVLEK
LEEKKPCNSQPSELSSETSGIARPEEGRPAVSGTGNDITTPPNKELPPSPEKKTKPLATTQPAKTSTSKA
KTQPTSLPKQPAPTTSGGLNKKPMSLASGLVPAAPPKRPAVASARPSILPSKDVKPKPIADAKAPEKRAS
PSKPASAPASRSGSKSTQTVAKATTASAVASTGPSSRSPSTLLPKKPTAIKTEGKPAEVKKMTAKSVPAD
LSRPKSTSTSSMKKTTTLSGTAPAAGVAPTRVKPTPMPSRPSTTPSIDKKPTSAKPSSTTPRLSRLATNA
SAPDLKNVRSKVGSTENIKHQPGGGRAKVEKKTEAAATTRKPESNAVTKTAGPIASAQKQPAGKVQIVSK
KVSYSHIQSKCGSKDNIKHVPGGGNVQIQNKKVDISKVSSKCGSKANIKHKPGGGDVKIESQKLNFKEKA
QAKVGSLDNVGHLPAGGAVKTEGGGSEAPLCPGPPAGEEPAISEAAPEAGAPTSASGLNGHPTLSGGGDQ
REAQTLDSQIQETSI

",1135
XP_007066464,951,green sea turtle,protein,591384013,">XP_007066464.1 PREDICTED: uncharacterized protein LOC102935403 [Chelonia mydas]
MADLDHNLSLADALTEPPAEIEEEVKRDFIATLEAEKFDDVVGETVGKTDYIPLLDDDDAKAESQEPKSK
SHTDGGQVESTSAVGPAVLENGDHGIDDDSTVFRQITGEKMSYKEFLDHSETWAMDDRDLCFESQSIFRP
MEETEPFKMHREDVLSDMLLRPSGETRLPFTEHFEASEEVHAPHAAVMVPELPSLGSPYSPAEVMDPSAF
MTLDSTTESLLNISVPEEHWLGVQHAVEGLDESSFGEPPASAPAVEEVCVQVMGQVSIPVVEELMVFEPS
VEQHKSALNEPPAVSSAPAEVMEQKVTVPEASTPGADSTLVEENKPSPSKHTEHLLKPNELLPELAVEAK
ERFTLIETKETLPEKTAPAADLAIVEKLKEEAELSHAHHIEPPQEKSPLEPTGVPTAQVRQANKSSDRRF
GRAKPAAVPGADVPEELLVGLSQQKSSDPKADPFSMPELGWVSGTFSRTRAPHKKAAGQLLSMPSEFVES
QRDVPRETWDSEGSPVILKKKKKKPKQKRNHHPRTMELGDENVGVSKAPKVPLFAAELQKPDIPFVLPAE
GVKEHSTPSREGKRKGTSDVSRDAKVGTESHLLDDQNIISSPAAGQQSLKTEGPFKFLLDAKGGEVMKPE
EMKDDSSLQSKSKNKQVPLEKLECKAEHTKMGDPASALTQTKPMEISFVEKNKKIECKHSEHSDLKASIS
KGINLNKVDTPLEAKPVEISLIDENKEIKCVSPKHIAADETVPSEVQTPIGALTGEKPKKRGSDKKSRKT
ENGISKQPAVLEIKTDTTNLPAVAKRVDKTKETDSFDKSQETGSVTSEPPLETATDITKVPLIPLVSDKP
KEGIAGKNKKADFSFSEQPFLLETKTDTAKLPAPAETVDIANIDFTDKSKQTGFTALDHPTETDPNMALV
TDKSKKRGSDGKNKKVKNFSEQPVLLEAERDPNKLPAVAETADKTKEIIFTDKDKETGFAIAEHSLENMT
GPSTAKVADKPKKRTSDGKNKKAEKSYFQQPFFLEVKEDTSSLPAVMEKDDKTKKIFFTDKGKETDFTIA
EHLLEGATATVKVQGPTTTLVTEEPKNGMTGKSEKAEFSISEQPLLLETKTDAAKLSASAETISKTKEDS
LMDKSIETEFTTDSSRALMTDKPKKEDSDRKGKKAEKSSFEQPFLLETKTDTRKLPTVVEKAEKIKEMGF
ADIGKEPIFTTAGLQLENLTDTTTVQVPTMKLITEKPKIKESNEKSFFEQLVPSDYEMDTAKSKTLFKTK
ETHSSDKAKQTDFTTLDHLLEDITDTAKAHIPITELVADKPKKRCSDGKSKKIENSAEHLAVLEAKTDSV
KLPAVVEEADKIKEIHSTDKGKETQFTTSEHLLEDITDTAKIQTPITPLVTGKAKENNENSTKADVGLEK
PFLLETKVDTATLPGGADEIVDKTEAVTSSDRNREAGFTILEHRTTIEPGPALVPNKCKKRGNDGKNKKA
KSASEQPVLLETKTDKSKIQPPIVTDLEYQMEEMGLVDENQNIRNFSSEHQMLWDNKVDLFTPYTQSRAA
GVDRVGKACSIDKNQGLASIFPEYPIKDDGSKVPLPPGVVLEGTNDESSMGDKREKNKHSHSEHSVNLEG
EEAGVPAFTSVKEGDKSKVTSAGEKKKKGKCPSLDSPVKQDAKAGRDEVHTSILAEFDDKEISFTDEKQS
TECASLEHLVKETDAVKGTIPTDAKVMDKMEGSSYAGEKDVGCISPELTVQGENKAEAVVLQVLAAAVVV
NKTKETELGERKETELGERKKSEQSFPECPVSLEKKTDAAEAAGVILRDAQTEEISPTDKIKGHSEHSEE
YSQLCKAKNTDSFSEAYHCMESQKDFSKTKFEWQRTEGKLNEIGLNVNSGGQIKDGLVKNAGFTDEDKLC
FFEGKLDKELKIAQKDKREIEVQSKKYQAAPGHLESWSLISEAFPSAEGNLANPKTTDFHLGQAGAERPC
TGLGKNEAITDQEKAAGKSAMETKCQQEQNLPNLSVSESDPDKYMKEQEISVWNPNFNPILPDNSGSKEA
TVKKDGAPSYCVIGVVNDNYLQSGFSSSLTASNPKPPTTTIEFAQDDSKSSYFNNISEMEEERFMVEMEE
KLSCADEDNFLNRAAHQRKAMRRAMSECSHLSVPQTLNLADKYPEPLVREDLATGLLSPTSSLTQSSSPV
TRKPGAPMKRSMTVSEEQTSVYSLGAEQNNAELPSLTVKEHQSLLTEEPAAKKREEWNGGSSTSVKKELG
SPGLYHSKLEQIPEISSHDKGREEEAAAANRDKRNVIDEAASLDSPRSRGSEMESSKTVPLERKEIEVSN
VQSTPSSQLGVLPRDAKPEEIKPVELVTGNDITAPPNKELPPSPEKKTKPSASTPSAKPAATKTKPLSTT
SPKRPASATPGQNKKPTSPTAGPTSATTPKRPTTGTTRPSTLTPKDTKPKVTDAKSPDKRTSLSKPLSAT
TPRAAVKGSPATPRTTAASPVTTASGLRNTATSPPKRPTTIKTETKLADARKTTVKSPSADLSRPKSAPA
NSAKSSATTPTATTPGTPVSPGVTTSRPKPKPAAARPTTASSTTPEAKKPSTVKAPLKTSTVPKPPRPTS
SVSASDLKNIRSKIGSTDNIKHQPGGGRAKVEKKPESAGAARKSEPNAVSKMAPTKTTVTKEGAQKQPNG
KVQIVSKKANYSHVQSKCGSKDNIKHVPGGGNVQIQSKKVDISKVSSKCGSKTNIKHKPGGGDVKIENQK
LNFKEKAQAKVGSLDNVGHVPAGGTMKIESHKLMFREKAKARTDHGADIVVSKSPNLSSSTSPWCSTSVS
ESLGSIASSSPLQQPAPHAEDLSAVLSQQGL

",2831
XP_006035731,761,Chinese alligator,protein,557325450,">XP_006035731.1 PREDICTED: microtubule-associated protein 4 isoform X3 [Alligator sinensis]
MDTAKPELVIKSKEPLPIEKGKELDFAMLEPLVEDRTDIAKVHAPVPEAMTEKPKKKAVGVKSKKVESRP
EPHAAQEAKMDQGKSPGMAEKVDETKGPCAAGKEVDFAALESLLEDLTDTAKVQAPIMPLEAEKNELDGK
GKSGKAEVGLEQPFFLQPRAGAARLPDSGAETGDKMTGGTCPEKKKGVGFTLFEYPAVADPSPGLVLDKP
KKRGSEGKNKKVKNVSDWPVVETKTDKRQVQPPLVAELEYSMEEMGFVDENRNIRNFPPGHRMLWDHKVD
LFAPFAQAGAAGFGQTSKVCSDQNQGLESTLPEHPAKDGRVQVLPLPEVALEDAGRESRTRDKKGKHKQK
PYEHPVKLESRGAGIEASSSGMEGDKAKETAAEDKLTGKQPSPDCRGIRDAKVGRDDVHVPTLAEKDDKE
IGFADKRQSERTSLEHVVQEADPKNETVLPGAKVTDKAGETGFVVEKGVGSVAPERPMLWENKAEAVALQ
VLAAALVENKAEGTGLSEPSLPESSHGSGNEAEVADAAGRGAPTEDVSPVDAVKGHCEPSREDGAAELEA
GLKDVRALKPEKDKQADLMQKKVAGSGQKVVKEKKKEEKVKAAEQIKGYMRPTKSRGLPAPPPRPAVQDR
EKQRQLKSNAKPEEIKPVETVTGSDITAPPNKELPPSPEKKTKPSASTPSAKPAAEKAKPLSTTSPKRPA
STTPGQNKKSTSPTTGLAAATPKRPATGTPRPSTLTAKETKPKVAEAKSTEKRTSLSKSASATTPRTSVK
SSPAAPRTTAASPVTTTSSMKNTSASPPKRPTSIKTETKPADAKKTPVKSPSADLSRPRSAPGNSLKSST
TTSTATTPTTTMTSPGVATSRPKPKPAATRPATASSANADAKKPLAAKAPLKTSTTSKPSRPTSSVSAPD
LKNVRSKIGSTDNIKHQPGGGKGKVEKKPESAGAARKPESNAVSKMATTKTTVTKESAQKQPNGKVQIVS
KKANYSHVQSKCGSKDNIKHVPGGGNVQIQTKKVDLSKVSSKCGSKTNIKHKPGGGDIKTENQKLNFKEK
PQGKVGSVDSTGQTPTEGPVKTEESKEAALPAVAPLDGAAAVPLAGGITQENGVGPAVPAAAGGGDQRDS
QSFDTQIQETSI

",1132
